{
    "airflowspeed": 30.472439827798855,
    "engineRunning": 1.0,
    "steering": 3.3988499999999737,
    "gear": 5.0,
    "clutch_input": 0.0,
    "throttle_input": 0.0,
    "brake_input": 0.0,
    "rpm": 3757.2394441049796,
    "abs": 0.0,
    "wheelspeed": 30.245989103017454,
    "esc_active": false,
    "oil_temperature": 99.07314688008024,
    "water_temperature": 90.23303700964081,
    "FL_CoreTemperature": 241.91201207339697,
    "FL_SurfaceTemperature": 236.94704042913438,
    "RL_CoreTemperature": 189.44788913438938,
    "RL_SurfaceTemperature": 184.96449076930412,
    "RR_CoreTemperature": 189.46226996106284,
    "RR_SurfaceTemperature": 184.97851328939882,
    "FR_CoreTemperature": 239.6970937547891,
    "FR_SurfaceTemperature": 234.79771278257832
}