{
    "engineRunning": 1.0,
    "steering": 42.181199999999954,
    "abs": 0.0,
    "gear": 0.0,
    "clutch_input": 0.0,
    "throttle_input": 0.0,
    "brake_input": 0.0,
    "rpm": 927.2819211600126,
    "wheelspeed": 3.324106122210818e-06,
    "oil_temperature": 82.76727957474144,
    "water_temperature": 81.09677572978968,
    "FL_CoreTemperature": 15.088989600988736,
    "FL_SurfaceTemperature": 15.042612157773801,
    "RL_CoreTemperature": 15.506767713705699,
    "RL_SurfaceTemperature": 15.457287536505197,
    "RR_CoreTemperature": 15.69532400516809,
    "RR_SurfaceTemperature": 15.644568361638362,
    "FR_CoreTemperature": 16.124261586676095,
    "FR_SurfaceTemperature": 16.07198738473107
}