{"state": {"rotation": [0.0032234361860901117, -0.0020827522967010736, -0.7176097631454468, 0.6964349150657654], "dir": [0.9995518922805786, 0.029893815517425537, 0.0015010301722213626], "up": [-0.002047578804194927, 0.007704766467213631, 0.9999682307243347], "front": [505.64739990234375, 445.8902893066406, 145.25680541992188], "vel": [29.14017677307129, 1.0534402132034302, 0.008664213120937347], "pos": [504.2178040444851, 445.5358574250713, 145.06641776350443]}, "electrics": {"airspeed": 29.00484385180308, "gearboxMode": "realistic", "hPatternAxisY": 0.9500000000000001, "hPatternAxisX": 0.0, "esc": 0.0, "hasESC": 1.0, "hasTCS": 1.0, "accXSmooth": -1.2128760916763333, "accYSmooth": -2.210409325154318, "accZSmooth": -9.706170374390602, "airflowspeed": 28.94967121656311, "brakelight_signal_R": 0.0, "trip": 4265.966676728227, "dseColor": "3096F1", "parkingbrake_input": 0.0, "parking": 0.0, "hazard": 0.0, "hasABS": 1.0, "oil": 0.0, "disp_R": 0.0, "disp_N": 0.0, "disp_1": 0.0, "disp_2": 0.0, "disp_3": 1.0, "disp_4": 0.0, "disp_5": 0.0, "disp_6": 0.0, "disp_Pa": 1.0, "disp_Ra": 0.0, "disp_Na": 0.0, "disp_Da": 0.0, "disp_P_cvt": 1.0, "disp_R_cvt": 0.0, "disp_N_cvt": 0.0, "disp_D_cvt": 0.0, "disp_L_cvt": 0.0, "nop": 0.0, "lightbar": 0.0, "engineRunning": 1.0, "brakelight_signal_L": 0.0, "fuel": 0.9934569240297537, "parkingbrake": 0.0, "lowpressure": 0.0, "steering": -7.271549999999926, "abs": 0.0, "maxrpm": 6500.0, "idlerpm": 950.0, "gear": 3.0, "gearModeIndex": 0.0, "minGearIndex": -1.0, "maxGearIndex": 6.0, "lowfuel": false, "steering_input": 0.014204117647058824, "wheelThermals": {"FL": {"brakeCoreTemperature": 86.30973794443562, "brakeSurfaceTemperature": 84.24071783748244, "brakeThermalEfficiency": 0.9807334919474665}, "RL": {"brakeCoreTemperature": 51.960433442675416, "brakeSurfaceTemperature": 50.74205360019507, "brakeThermalEfficiency": 0.958353523074336}, "RR": {"brakeCoreTemperature": 54.342819371412716, "brakeSurfaceTemperature": 53.07034547850455, "brakeThermalEfficiency": 0.9603759931872505}, "FR": {"brakeCoreTemperature": 87.59388464835732, "brakeSurfaceTemperature": 85.48965333488029, "brakeThermalEfficiency": 0.9813335912463627}}, "freezeState": false, "running": true, "tcs": 0.0, "reverse_wigwag_L": 0.0, "clutch_input": 0.0, "throttle_input": 1.0, "brake_input": 0.0, "reverse_wigwag_R": 0.0, "highbeam_wigwag_L": 0.0, "highbeam_wigwag_R": 0.0, "lowhighbeam_signal_L": 0.0, "lowhighbeam_signal_R": 0.0, "highbeam": 0.0, "lowbeam": 0.0, "lowhighbeam": 0.0, "ignition": true, "rpm": 6111.769813643934, "reverse": 0.0, "smoothShiftLogicAV": 381.53022485653327, "clutch": 0.0, "throttle": 1.0, "rpmspin": 26.050438699415338, "boost": 0.0, "boostMax": 0.0, "brake": 0.0, "odometer": 4265.966676728227, "lights": 0.0, "turnsignal": 0.0, "altitude": 145.0645162099674, "steeringUnassisted": 0.014204117647058824, "wheelspeed": 29.43958237507918, "horn": 0.0, "abs_active": 0.0, "avg_wheel_av": 93.40777397155762, "brake_lights": 0.0, "check_engine": false, "clutch_ratio": 1.0, "engine_load": 1.0, "engine_throttle": 1.0, "esc_active": false, "exhaust_flow": 1.0, "fog_lights": 0.0, "fuel_volume": 49.67284620148769, "fuel_capacity": 50.0, "gear_a": 0.0, "gear_index": 3.0, "gear_m": 3.0, "hazard_signal": false, "is_shifting": false, "headlights": 0.0, "oil_temperature": 96.51537931379546, "radiator_fan_spin": 0.0, "rpm_tacho": 6104.652744708129, "signal_l": 0.0, "left_signal": false, "signal_r": 0.0, "right_signal": false, "tcs_active": false, "throttle_factor": 1.0, "water_temperature": 91.17434573950499}, "damage": {"deform_group_damage": {"windshield_break": {"eventCount": 0.0, "maxEvents": 5033.333333333333, "invMaxEvents": 0.00019867549668874172, "damage": 0.0}, "doorglass_RR_break": {"eventCount": 0.0, "maxEvents": 639.9999999999999, "invMaxEvents": 0.0015625000000000003, "damage": 0.0}, "flashersrear_break": {"eventCount": 0.0, "maxEvents": 459.99999999999994, "invMaxEvents": 0.0021739130434782613, "damage": 0.0}, "mainEngine_intake": {"eventCount": 0.0, "maxEvents": 799.9999999999999, "invMaxEvents": 0.0012500000000000002, "damage": 0.0}, "doorglass_RL_break": {"eventCount": 0.0, "maxEvents": 639.9999999999999, "invMaxEvents": 0.0015625000000000003, "damage": 0.0}, "backlight_break": {"eventCount": 0.0, "maxEvents": 666.6666666666666, "invMaxEvents": 0.0015, "damage": 0.0}, "wheelaxleFL": {"eventCount": 0.0, "maxEvents": 100.0, "invMaxEvents": 0.01, "damage": 0.0}, "headlightglass_R_break": {"eventCount": 0.0, "maxEvents": 379.99999999999994, "invMaxEvents": 0.0026315789473684214, "damage": 0.0}, "flashersfront_break": {"eventCount": 0.0, "maxEvents": 359.99999999999994, "invMaxEvents": 0.0027777777777777783, "damage": 0.0}, "wheelaxleFR": {"eventCount": 0.0, "maxEvents": 100.0, "invMaxEvents": 0.01, "damage": 0.0}, "oilpan_damage": {"eventCount": 0.0, "maxEvents": 159.99999999999997, "invMaxEvents": 0.006250000000000001, "damage": 0.0}, "mainEngine_accessories": {"eventCount": 0.0, "maxEvents": 1600.0, "invMaxEvents": 0.000625, "damage": 0.0}, "doorglass_FR_break": {"eventCount": 0.0, "maxEvents": 659.9999999999999, "invMaxEvents": 0.0015151515151515154, "damage": 0.0}, "headlightglass_L_break": {"eventCount": 0.0, "maxEvents": 379.99999999999994, "invMaxEvents": 0.0026315789473684214, "damage": 0.0}, "taillightglass_R_break": {"eventCount": 0.0, "maxEvents": 474.99999999999994, "invMaxEvents": 0.0021052631578947372, "damage": 0.0}, "sunroof_break": {"eventCount": 0.0, "maxEvents": 1630.0, "invMaxEvents": 0.0006134969325153375, "damage": 0.0}, "taillightglass_L_break": {"eventCount": 0.0, "maxEvents": 474.99999999999994, "invMaxEvents": 0.0021052631578947372, "damage": 0.0}, "mirrorsignal_R_break": {"eventCount": 0.0, "maxEvents": 709.9999999999999, "invMaxEvents": 0.0014084507042253524, "damage": 0.0}, "mirrorsignal_L_break": {"eventCount": 0.0, "maxEvents": 709.9999999999999, "invMaxEvents": 0.0014084507042253524, "damage": 0.0}, "mainEngine": {"eventCount": 0.0, "maxEvents": 4400.0, "invMaxEvents": 0.00022727272727272727, "damage": 0.0}, "foglightglass_R_break": {"eventCount": 0.0, "maxEvents": 999.9999999999999, "invMaxEvents": 0.001, "damage": 0.0}, "foglightglass_L_break": {"eventCount": 0.0, "maxEvents": 999.9999999999999, "invMaxEvents": 0.001, "damage": 0.0}, "doorglass_FL_break": {"eventCount": 0.0, "maxEvents": 659.9999999999999, "invMaxEvents": 0.0015151515151515154, "damage": 0.0}, "radiator_damage": {"eventCount": 0.0, "maxEvents": 399.99999999999994, "invMaxEvents": 0.0025000000000000005, "damage": 0.0}}, "lowpressure": false, "type": "Damage", "part_damage": [], "damage_ext": 0.0, "damage": 0.0}, "timer": {"time": 239.2670091241598}, "newlap": false, "outlap": false, "inlap": false}